{
  "classifier": {
    "accuracy": 0.9680059523809523,
    "precision": 0.9682877909961985,
    "recall": 0.9680059523809523,
    "f1": 0.9680712468028536,
    "roc_auc": 0.9978398987116786
  },
  "regressor": {
    "mae": 3.473940246151477,
    "rmse": 4.646625646051176,
    "mape": 1.6353364239201678,
    "r2": 0.9935625695600316
  }
}